".";"Интернет магазины";"Мануал по заработку в интернете.";"2013-09-03"
"4PAD - заказ в интернет-магазине планшетов и аксессуаров";"Интернет магазины";"Если вы ищите чехлы для планшетов и телефонов или другие полезные аксессуары для своего электронного гаджета, то вы зашли по правильному адресу. <br /><br>Наш интернет-магазин <b>4pad.com.ua</b> предлагает огромный выбор чехлов и других аксессуаров к вашим электронным устройствам по низким ценам.</br><br /><p>Вознаграждение за подтвержденный и оплаченный заказ.<br /><p>Холд заказа - 10 дней.<br /><p>Гео - Украина.<br /><p>Постклик - 1 месяц.<br /><p>Запрещенные источники трафика - порно, спам-рассылки, мотивированный, попап, дорвей-трафик.<br />";"2013-09-03"
"25 кадр тест";"Обучение";"";"2013-09-03"
"38print.com - заказ подушки с личным фото";"Игры";"Разрешенные источники трафика<br><br /><ul><br /><li>Контекстная реклама</li><br /><li>Трафик с публичных страниц/групп/сообществ в соц.сетях</li><br /><li>Таргетированные объявления с соц.сетей</li><br /><li>Трафик из приложений/игр в соц.сетях<br /><li>Toolbar реклама</li><br /><li>Баннерная реклама</li><br /></ul><br /><br><br /><b>Холд:</b> 14 дней";"2013-09-03"
"a2a - регистрация на бесплатный мастер-класс";"Интернет магазины";"Что ты узнаешь на мастер-классе:<br /><br>Инструменты привлечения клиентов:<br /><br>- Как увеличить доходность бизнеса, продавая свою экспертность<br /><br>- Как создать 5 способов привлечения новых клиентов, которые игнорируют Ваши конкуренты<br /><br>- Как повысить лояльность постоянных клиентов и продавать им снова и снова<br /><br>- Как сделать так, что бы клиенты сами Вас находили и требовали им что-то продать</br><br /><p>Персональная эффективность:</p><br /><br>- Как работать со своими страхами и убеждениями<br /><br>- Как начать действовать уже сегодня, застрелив в себе человека-"да потом"<br /><br>- Как сосредоточиться на главных задачах<br /><br>- Как принимать решения, приносящие деньги</br><br /><p>Система квантового роста твоего бизнеса:</p><br /><br>- Как выстроить надежные партнерские отношения и удвоить ежемесячный доход<br /><br>- Как внедрить систему маркетинга нового поколения в свой бизнес<br /><br>-Как максимально эффективно использовать существующие интернет-технологии для удвоения продаж уже через 2 месяца</br><br /><p>Регистрируйся сейчас и получи доступ к видео-курсу в котором мы расскажем базовые принципы нашей технологии <del>всего за 399$</del> Бесплатно!<br /><p>Вознаграждение за подтвержденную заявку на мастер-класс.<br /><p>Гео - Киев и Киевская область<br /><p>Срок действия предложения - 04.09.2013<br /><p>Холд конверсий - 3 дня.<br /><p>Запрещенные источники трафика - порно, спам-рассылки, мотивированный трафик.";"2013-09-03"
"Airport City для IPad";"Интернет магазины";"Оплачивается установка игры на iPad. Холд - 10 дней";"2013-09-03"
"Alco.in.ua - каталог алкогольной продукции";"Интернет магазины";"<b>alco.in.ua</b> - каталог алкогольной продукции.<br /><p>Вознаграждение за переход (уникальный клик) из каталога на сайт магазина.<br /><p>Гео - Украина.<br /><p>Холд кликов - 3 дня (проверка качества трафика и исключение накрутки).<br /><p>Запрещенные источники трафика - контекст,  спам-рассылки, pop-up, clickunder.";"2013-09-03"
"Alfabank кредитка";"Страхование";"";"2013-09-03"
"Aquadoodle - детский водяной коврик для рисования";"Интернет магазины";"Вознаграждение за подтвержденный и оплаченный заказ.";"2013-09-03"
"Auto-chehol.com.ua - заказ в интернет-магазине автомобильных чехлов";"Интернет магазины";"Интернет-магазин auto-chehol.com.ua занимается оптовой продаже различных автомобильных аксесcуаров наивысшего качества. <br /><p>Наши преимущества:<br /><p>u2014 Компетентные менеджеры, готовые дать качественную консультацию.<br /><p>u2014  Интернет-магазин работает с 10 до 18.00 выходной Воскресенье.<br /><p>u2014 Товар отправляется по "Новой Почте" каждый день в 16.00, воскресенье выходной.<br /><p>u2014 Бесплатная доставка по всей Украине, вы оплачиваете только себестоимость товара, никаких скрытых затрат, например за обратную доставку денег.<br /><p>u2014 Самый большой ассортимент представленных брендов j-tek, sks, heko, hic. fly, vip, cobra, sim, petex, doma, rezaw-plast, virtus, elegant.<br /><p>u2014 Гарантированный возврат товара в течении 14 дней (Согласно 9 статьи Закона о Защите прав потребителя).<br /><p><br /><p>Вознаграждение за подтвержденный заказ или запрос обратного звонка.<br /><p>Гео - Украина<br /><p>Запрещенные источники трафика - спам-рассылки, порно, мотивированный";"2013-09-03"
"Auto-kovrik.com.ua - заказ в интернет-магазине автомобильных ковриков";"Интернет магазины";"Интернет-магазин auto-kovrik.com.ua занимается оптовой продаже различных автомобильных аксесcуаров наивысшего качества. <br /><p>Наши преимущества:<br /><p>u2014 Раскомплектовка продукции и ее поштучная реализация.<br /><p>u2014 Качественная консультация от наших менеджеров.<br /><p>u2014 Самый большой ассортимент автомобильных ковриков от представленных брендов TM Rezaw-Plast, TM Petex, TM Doma.<br /><p>u2014 Абсолютно бесплатная доставка товара по всей Украине. Оплачивается только стоимость,нет никаких скрытых затрат, например за обратную доставку денег.<br /><p>u2014 Гарантированный возврат товара в течении 14 дней (Согласно 9 статьи Закона о Защите прав потребителя).<br /><p>u2014 Интернет-магазин работает с 10.00 до 18.00. Выходной день - Воскресенье.<br /><p>u2014 Отправка товара u00abНовой почтойu00bb каждый день в 16 00. Выходной день u2013 Воскресенье.<br /><p><br /><p>Вознаграждение за подтвержденный заказ или запрос обратного звонка.<br /><p>Гео - Украина<br /><p>Запрещенные источники трафика - спам-рассылки, порно, мотивированный";"2013-09-03"
"AXA Страхование - заявка на расчет стоимости Автоцивилки (ОСАГО)";"Интернет магазины";"Вознаграждение за отправленную заявку на полис Автогражданки (ОСАГО) с корректными данными:<br /><p>имя, фамилия, телефон, электронная почта.<br /><p>Выплата - 40 грн. (160 рублей).<br /><p>Гео - Украина.<br /><p>Холд заявок - 10 дней.<br /><p><b>Запрещенные источники трафика:</b><br /><p>PopUp форматы<br /><p>Контекстная реклама на бренд<br /><p>ClickUnder<br /><p>SMS-рассылки<br /><p>Push реклама<br /><p>Toolbar реклама<br /><p>Мотивированный трафик<br /><p>Мотивированный трафик (Cash)<br /><p>Adult - трафик";"2013-09-03"
"Babyangel - интернет-магазин детских товаров ";"Интернет магазины";"Вознаграждение за подтвержденный и оплаченный заказ - 4% от суммы заказа.<br /><p><b>Холд - 20 дней.</b><br /><p><b>Гео - Украина.</b>";"2013-09-03"
"Batuta.com.ua - социальная сеть любителей активного отдыха";"Игры";"";"2013-09-03"
"Bazashin.com.ua - заказ в интернет-магазине шин";"Интернет услуги";"Оплачивается заказ товара на сайте ";"2013-09-03"
"Bellezza заказ в интернет-магазине женской одежды";"Интернет магазины";"Вознаграждение за подтвержденный и оплаченный заказ";"2013-09-03"
"Berghoff.bineks.ua - заказ в интернет-магазине посуды";"Интернет магазины";"<b>Интернет-магазин berghoff.bineks.ua</b> предлагает посуду высокого швейцарского качества компании BERGHOFF.<br /><p><br />Посуда компании BERGHOFF имеет целый ряд преимуществ: долговечность, высокие антикоррозийные свойства, устойчивость к деформации. Соответствуют самым высоким токсикологическим и гигиеническим нормам.<br /><p><br />Пища приготовленная в посуде BERGHOFF не изменяет свой вкус и цвет. И даже после долгих лет использования посуда BERGHOFF не теряет своих качеств и привлекательного вида.<br /><p><br />Приобрести посуду в магазине вы можете по разумной цене, т.к. Berghoff.bineks.ua работает с непосредственным производителем компании BERGHOFF в Украине.<br /><p><br /><br>Вознаграждение за подтвержденный и оплаченный заказ<br /><p><br /><br>Гео: Украина<br /><p><br /><br>Запрещенные источники трафика: порно, спам-рассылки, мотивированный.";"2013-09-03"
"Big Business для iPad";"Обучение";"Вознаграждение за инсталляцию на iPad.<br />Запрещен мотивированный трафик, контекстная реклама, контекстная реклама на бренд.";"2013-09-03"
"Bilink.ua ТВ пакет \"Расширенный\"";"Интернет магазины";"Вознаграждение за подключение к bilink.ua и пополнение счета в личном кабинете от 49 грн.<br />Холд - 10 дней.";"2013-09-03"
"Bodo - заказ подарков-впечатлений";"Обучение";"Вознаграждение за подтвержденный заказ.<br /><p>Выплата - 64 грн. (256 рублей).";"2013-09-03"
"Carlo Pazolini - интернет-магазин обуви и аксессуаров";"Финансы";"Вознаграждение за оплаченный заказ.<br /><p>Гео - Украина<br /><p>Холд - 35 дней<br /><p><b>Запрещенные источники трафика:</b><br /><p>";"2013-09-03"
"City Business School - заявка на курс Mini MBA";"Интернет магазины";"Зарегистрируйтесь на курс Mini MBA Professional сейчас с 50% скидкой!<br /><p>Вознаграждение за подтвержденную заявку на регистрацию на дистанционный курс Mini MBA Professional, содержащую корректные данные:<br /><p>Имя<br /><p>Номер телефона<br /><p>Адрес электронной почты<br /><p>Выплата - 220 грн. (890 рублей).<br /><p>Гео - Украина.";"2013-09-03"
"Coffee-market.com.ua - заказ в интернет-магазине кофе";"Игры";"Вознаграждение за подтвержденный и оплаченный заказ.";"2013-09-03"
"D&Y Бизнес-тренинги и обучающие семинары";"Интернет магазины";"Вознаграждение за оплаченную заявку на тренинги и семинары.<br />Холд - 15 дней.";"2013-09-03"
"Dedal - заявка на просчет стоимости КАСКО";"Игры";"Оплачивается корректно заполненная заявка на просчет стоимости КАСКО.<br><br />Запрещены: спам, мотивированный трафик, порно-трафик.<br><br />Холд - до 30 дней";"2013-09-03"
"Denshi Tabaco - электронные сигареты";"Инет-магазины одежды,косметики";"Денши Табако - является известным мировым брендом из Японии, который занимается выпуском электронных сигарет высочайшего качества и аксессуарами к ним. Denshi Tabaco уже больше 5 лет занимает лидирующие позиции на рынке э-сигарет.<br /><p><br />Обладателям электронной сигареты больше не нужно отказываться от привычного курения, или экспериментировать с никотиновыми пластырями или жвачками. Вы можете купить электронную сигарету и наслаждаться тем же табачным или новыми вкусами с меньшим вредом и риском для своего организма, чем от обычных сигарет. При правильном использовании, электронная сигарета Denshi Tabaco, поможет постепенно избавить от никотиновой зависимости и навсегда бросить курить.<br /><p><br />Вознаграждение за подтвержденный и оплаченный заказ.<br />Гео: Украина<br />Холд заказов: 20 дней<br />Запрещенные источники трафика: порно, спам-рассылки, мотивированный трафик.";"2013-09-03"
"Destiny Sphere - браузерная мультиплеерная игра";"Обучение";"Первая в мире большая браузерная мультиплеерная игра, клиентская часть которой целиком выполнена в Macromedia Flash. Опираясь на технику, магию и силы живой природы игроки ведут борьбу за политическое, военное и экономическое влияние в искусственном космическом мире колец. Кажущаяся незамысловатость сюжетной линии противостояния трех рас скрывает за собой огромное многообразие игровых возможностей, стратегий и тактик развития. За 9 лет своего непрерывного развития игра собрала одно из наиболее замечательных игровых сообществ рунета.<br /><p><br /><p>Вознаграждение за регистрацию в игре - 3,75 грн (15 руб.).<br /><p>Гео: Россия, Украина.";"2013-09-03"
"DogTag - жетоны-адресники для домашних животных";"Игры";"Вознаграждение за подтвержденный заказ.";"2013-09-03"
"DRAGONA - регистрация в online mmorpg игре";"Инет-магазины одежды,косметики";"DRAGONA - многопользовательская ролевая онлайн-игра, в которой игрокам предстоит сражаться друг с другом, управляя воинами-драгонами, u2014 это воинами, наделенные силой драконов, имеющие безграничные возможности.<br /><br /><br /><p><b>Выплата: </b>за активного игрока <b>25 грн.(100 руб.)</b><br /><br /><p><b>Холд: </b>до 30 дней<br><br /><p><b>Запрещенные источники трафика: </b> контекстная реклама, соц.сети (группы/паблики), мотивированный.<br /><p><b>Гео: </b>СНГ<br>";"2013-09-03"
"Elleonor.ru - заказ в интернет-магазине косметики";"Интернет магазины";"Вознаграждение за подтвержденный и оплаченный заказ товара в интернет-магазине ellenor.ua.<br /><p><b>Гео - Россия.<br /><p>Запрещенные виды трафика:</b><br /><p>ClickUnder<br /><p>Трафик из приложений/игр в соц.сетях<br /><p>Тизерные сети<br /><p>SMS-рассылки<br /><p>Push реклама<br /><p>Toolbar реклама";"2013-09-03"
"English Prime - заявка в школу английского языка ";"Финансы";"Вознаграждение за заявку на пробное занятие с корректными данными - имя, телефон, по которому можно связаться, e-mail.<br /><p>Выплата - 25 грн. (100 рублей).<br /><p>Гео - <b>только Киев</b><br /><p>Проверка источников трафика по требованию.<br /><p>Запрещены - спам, порно, мотивированный трафик.";"2013-09-03"
"Escilon - браузерная онлайн игра";"Финансы";"Почувствуй себя дикарём u2013 окунись в мир первобытных людей! Собирай ресурсы, делай из них мази, одежду и оружие себе и другим! Создай свое племя и приведи его к победе в Лабиринте, захвати с соплеменниками Форт! Пройди квесты и стань настоящим мастером на все руки!<br /><p>Вознаграждение за привлечение активного игрока (пользователь зарегистрировался, прошел начальную локацию в игре и осуществил повторный вход не ранее чем через сутки после регистрации).<br /><p>Гео: СНГ.<br /><p>Запрещенные источники трафика: порно, спам-рассылки, мотивированный трафик.<br /><p>Холд конверсии: 10 дней.";"2013-09-03"
"Fame.ua - регистрация+заказ в интернет-магазине одежды (UA)";"Финансы";"Регистрация на сайте Fame.ua.<br /><p>Оплачивается корректно оформленная регистрация с подтвержденным email адресом + фиксированная сумма за оплаченный заказ.<br /><br /><p><b>Вознаграждение за регистрацию</b> - 5 грн.(20 руб.)<br /><p><b>Вознаграждение за выполненный заказ</b> - 22 грн.(88 руб.)<br />Заказ привязывается к зарегистрированному пользователю, а не последнему источнику.<br /><br /><p><b>Холд</b> -  10 дней (подписка), и 28дней с момента оформления заказа.<br><br /><p><br /><ul><br /><li><b>Запрещенные источники трафика</b><br /><li>Контекстная реклама</li><br /><li>Контекстная реклама на бренд</li><br /><li>Несанкационированные email рассылки</li><br /><li><u>Мотивированный трафик</u></li><br /><li>Редиректы, дорвеи</li><br /></ul><br /><br /><p><p>Необходимо предоставить источники трафика по запросу.<br /><p>Сверка по конверсиям происходит раз в 7-10 дней";"2013-09-03"
"Fame.ua private - регистрация на сайте";"Инет-магазины одежды,косметики";"Регистрация на сайте Fame.ua.<br />Оплачивается корректно оформленная регистрация с подтвержденным email адресом.<br />Холд - 10 дней.<br><br />Запрещенные источники трафик<br><br /><ul><br /><li>Контекстная реклама</li><br /><li>Контекстная реклама на бренд</li><br /><li>Несанкационированные email рассылки</li><br /><li><b>Мотивированный трафик</b></li><br /><li>Редиректы, дорвеи</li><br /></ul><br><br />Необходимо предоставить источники трафика по запросу<br><br />Сверка по конверсиям происходит раз в 7-10 дней";"2013-09-03"
"Finline - финансовый супермаркет (UA)";"Инет-магазины одежды,косметики";"Вознаграждение за подтвержденные заявки на получение кредита наличными или оформление кредитной карты.<br /><p><b>Выплата увеличена с 29.07 - 19 грн. (76,5 рублей)!</b><br /><p>Запрещенные виды трафика:<br /><p>- Мотивированный трафик<br /><p>- PopUp реклама<br /><p>- Контекстная реклама<br /><p>- Контекстная реклама на бренд<br /><p>- Adult - трафик<br /><p>- Мотивированный трафик (Cash)<br /><p>- Push реклама.<br /><p/><br /> Проверка источников трафика по требованию.<br /><p>География - Украина.<br /><p/>";"2013-09-03"
"Finline - финансовый супермаркет private";"Интернет магазины";"Вознаграждение за подтвержденные заявки на получение кредита наличными или оформление кредитной карты.<br /><p>Запрещенные виды трафика:<br /><p>- Мотивированный трафик<br /><p>- PopUp реклама<br /><p>- Контекстная реклама<br /><p>- Контекстная реклама на бренд<br /><p>- Adult - трафик<br /><p>- Мотивированный трафик (Cash)<br /><p>- Push реклама.<br /><p/><br /> Проверка источников трафика по требованию.<br /><p>География - Украина.<br /><p/>";"2013-09-03"
"Finline Private";"Интернет магазины";"Вознаграждение за подтвержденные заявки на получение кредита наличными или оформление кредитной карты.<br /><p><b>Выплата увеличена с 29.07 - 19 грн. (76,5 рублей)!</b><br /><p>Запрещенные виды трафика:<br /><p>- Мотивированный трафик<br /><p>- PopUp реклама<br /><p>- Контекстная реклама<br /><p>- Контекстная реклама на бренд<br /><p>- Adult - трафик<br /><p>- Мотивированный трафик (Cash)<br /><p>- Push реклама.<br /><p/><br /> Проверка источников трафика по требованию.<br /><p>География - Украина.<br /><p/>";"2013-09-03"
"Florange Shop - заказ в интернет-магазине белья (UA)";"Интернет магазины";"Вознаграждение за подтвержденный и оплаченный заказ.";"2013-09-03"
"FootyBall - заявки на образовательную детскую программу";"Интернет магазины";"FootyBall - Первый и единственный футбольный клуб в Украине для дошкольников<br /><p>Вознаграждение за подтвержденную заявку с корректными контактными данными.<br /><p>Холд заявок - 5 дней.<br /><p>Гео - Киев и Киевская область.<br /><p>Запрещенные источники трафика - порно, спам-рассылки, мотивированный, попап и кликандер.";"2013-09-03"
"Forever Living Products Ukraine";"Интернет магазины";"Форевер Ливинг Продактс u2014 самая большая компания в мире по выращиванию, производству и распространению продукции из Алоэ Вера. Компания контролирует весь цикл производства u2014 от посадки растения до изготовления конечной продукции.<br />Наш интернет-магазин "Forever Living Products Ukraine" является официальным дистрибьютором  и предоставляет продукцию компании.";"2013-09-03"
"Frenchcorner.ru - заказ в интернет-магазине модной женской и детской одежды из Франции";"Финансы";"<b>Frenchcorner.ru</b> - интернет-магазин по продаже женской и детской брендовой одежды из Франции.<br /><br>Наши преимущества: <br /><br>- бесплатная доставка по Москве( от определенной суммы) ,<br /><br>- бесплатная примерка, доставка в СНГ<br /><br>- постоянно проходят акции ( постоянные скидки до 80%) .<br /><br>Наша аудитория - это женщины от 25 до 50 лет с достатком выше среднего.<br /><p>Вознаграждение за подтвержденный и оплаченный заказ.<br /><p>Холд заказов - 20 дней.<br /><p>Гео - РФ.<br /><p>Запрещенные источники трафика - порно, спам-рассылки, мотивированный трафик.";"2013-09-03"
"Gigantik.com.ua - заказ в интернет-магазине мягких игрушек";"Финансы";"<b>Интернет-магазин gigantik.com.ua</b> - широкий выбор мягких игрушек.<br /><p>Вознаграждение за подтвержденный и оплаченный заказ.<br /><p>Холд заказов - 7 дней<br /><p>Гео - Украина<br /><p>Запрещенные источники трафика - порно, спам-рассылки, мотивированный трафик, контекст на бренд, попап и кликандер.<br /><p>Регулярно обновляются и добавляются рекламные материалы.";"2013-09-03"
"GrenCat - заказ в интернет-магазине мягких игрушек";"Интернет магазины";"Почему стоит купить большого плюшевого медведя?<br /><p>1. Сделав такой подарок, Вы можете на 100% быть уверены, что ваш близкий человек будет восхищен и рад такому подарку.<br /><p>2. Мишку можно подарить как без повода, так и поздравить с праздником, девочка в любом возрасте будет рада мягкой игрушке)<br /><p>3. Большой медведь останется надолго и будет всегда напомнить близкому человеку о Вас, даже когда Вы далеко.<br /><p>4. А комната, в которой есть большой мишка становится приятней и уютнее<br /><p>Мы специально отобрали самые лучшие модели мишек, чтобы Вы не тратили время на поиск.<br />Предлагаем вам только мишек отечественного производителя, изготовленных из безвредных материалов.<br /><p><br /><p>Вознаграждение за подтвержденный и оплаченный заказ<br /><p>Гео - Украина<br /><p>Холд заказа - 10 дней<br /><p> Запрещены спам-рассылки и мотивированный трафик.";"2013-09-03"
"GRIPHONE - заказ iPhone Gold Edition 24K";"Интернет магазины";"<b>GRIPHONE</b> - это коллекция роскошных телефонов из золота и серебра.<br /><br>Это потрясающий аксессуар, достойный подарок и неотъемлимая часть вашего имиджа.</br><br /><p>Акция! Закажи телефон от 16000 грн. и получи гравировку в подарок.<br /><p>Вознаграждение за подтвержденный запрос обратного звонка и предварительный заказ.<br /><p>Холд конверсий - 5 дней.<br /><p>География - Украина.<br /><p>Запрещенные источники трафика - порно, спам-рассылки, мотивированный.";"2013-09-03"
"Gurmaniac - заказ в интернет-магазине посуды";"Страхование";"Оплачивается подтвержденный заказ. 8% от суммы подтвержденного заказа.<br />Пользователи получают на этапе оформления скидку от 1%. На каждую вторую покупку скидка 5%";"2013-09-03"
"Happy Baby - интернет-магазин детских автокресел и колясок (UA)";"Финансы";"<b>Happy Baby</b> - интернет-магазин детских автомобильных кресел и колясок.<br /><p> При приобретении любых двух товаров покупатель гарантированно получает дополнительную скидку 30 грн. на каждый заказанный товар.<br /><p> После регистрации на сайте, скидка 30 грн. будет закреплена за постоянным клиентом навсегда.<br /><p> При приобретении любых трёх и более товаров автоматически начисляется скидка на каждый из товаров 50 грн.<br /><p>Вознаграждение за подтвержденный и оплаченный заказ - <b>40грн (160руб).</b><br /><p><b>Гео</b> - Украина<br /><p><b>Холд заказа</b> - 10 дней.<br /><p><b>Запрещенные источники трафика</b> - спам-рассылки, порно, мотивированный трафик.";"2013-09-03"
"HelpMoney - заявка на кредит под залог авто";"Инфо-товары";"Принимаются заявка на кредит под залог авто. Регион - Киев. Корректно заполненная заявка должна содержать данные про объект залога и данные потенциального заемщика (имя и телефон). Если Вы хотите работать с оплатой не только заявок, но и звонков - обращайтесь в службу поддержки. Мы предоставим уникальный номер телефона для учета звонков (подключение может занять несколько дней)";"2013-09-03"
"HelpMoney - заявка на кредит под залог недвижимости";"Интернет магазины";"Принимаются заявка на кредит под залог недвижимость. Регион - Киев. Корректно заполненная заявка должна содержать данные про объект залога и данные потенциального заемщика (имя и телефон).<br />Если Вы хотите работать с оплатой не только заявок, но и звонков - обращайтесь в службу поддержки. Мы предоставим уникальный номер телефона для учета звонков (подключение может занять несколько дней)";"2013-09-03"
"Hot Wheels - заказ в интернет-магазине игрушек(треков)";"Игры";"Вознаграждение за подтвержденный и оплаченный заказ.";"2013-09-03"
"I-drink.com.ua - заказ в интернет-магазине алкоголя";"Интернет магазины";"Вознаграждение за оплаченный заказ.<br /><p>Выплата - 60 грн. (243 рубля).";"2013-09-03"
"Ingo - заявка на Мини-КАСКО";"Интернет магазины";"Вознаграждение за корректную заявку на Мини-КАСКО. <br />В тарифе не принимают участия автомобили китайского, частично корейского производства, ЗАЗ, некоторые модели Lada, а также автомобили, стоимостью более 90000$.<br />Холд - 30 дней.";"2013-09-03"
"Interial - Система финансовой помощи ";"Интернет магазины";"<p><strong>Целевая аудитория:</strong><br />Пол - м, ж. Возраст от 21 до 50. Место жительства не имеет значения. Социальный статус не имеет значения. Образование не имеет значения. Род занятий не имеет значения. Уровень дохода - 75% ниже среднего, 25% средний. Образ жизни не имеет значения. Поведенческие привычки - поиск работы через интернет, поиск возможности пассивного дохода, изучение финансового сектора, изучение бизнесаufffd<br /><strong>ufffdГеография: н</strong>е имеет значения<br /><br />Разрешенные виды трафика:ufffd<br />PopUp форматы<br />Дорвей-трафик<br />Email-рассылки<br />Трафик с публичных страниц/групп/сообществ в соц.сетях<br />ClickUnder<br />Таргетированные объявления с соц.сетей<br />Трафик из приложений/игр в соц.сетях<br />Тизерные сети<br />SMS-рассылки<br />Push реклама<br />Toolbar реклама<br />Баннерная реклама<br />Мотивированный трафик - не используем<br />Мотивированный трафик (Cash) - не используем<br />Adult - трафик - не используем.</p>";"2013-09-03"
"IXI.UA";"Интернет магазины";"% от продаж";"2013-09-03"
"Journals.ua - покупка и чтение журналов on-line";"Интернет магазины";"Вознаграждение за покупку журналов.";"2013-09-03"
"KamaShastra - простынь-камасутра";"Обучение";"Вознаграждение за заказ на сайте www.kamashastra.com.ua";"2013-09-03"
"KAROS - регистрация в online mmorpg игре";"Юрид. и бух. услуги ";"Вселенная Karos u2013 новая бесплатная MMORPG о героических путешествиях в восхитительно оформленном, самобытном мире Азмара.<br />Это удивительная история о четырех расах, ведущих борьбу со злом, пришедшим в мир, и их нелегких судьбах полных приключений и красочных незабываемых событий.<br /><br />DRAGONA - многопользовательская ролевая онлайн-игра, в которой игрокам предстоит сражаться друг с другом, управляя воинами-драгонами, u2014 это воинами, наделенные силой драконов, имеющие безграничные возможности.<br /><br /><br /><p><b>Выплата: </b>за активного игрока <b>70 грн.(280 руб.)</b><br /><br /><p><b>Холд: </b>до 30 дней<br><br /><p><b>Запрещенные источники трафика: </b> контекстная реклама, соц.сети (группы/паблики), мотивированный.<br /><p><b>Гео: </b>СНГ<br>";"2013-09-03"
"Kindo.com.ua - заказ в интернет-магазине детских товаров";"Интернет магазины";"<b>Киндо</b> - магазин красивой одежды для детей от рождения до 12 лет. У нас представлены самые качественные украинские, европейские и американские бренды. Вся одежда оригинальная и сертифицирована.<br /><p><b>Конкурентные преимущества и особенности:</b> <br /><p>u2022качественная одежда от известных брендов (Carter's, Girandola, Mone, Bebetto);<br /><p>u2022хороший контент (большие качественные фотографии, полная информация о товаре: состав ткани, описание, замеры);<br /><p>u2022большая часть товара есть в наличии на собственном складе;<br /><p>u2022бесплатная доставка при заказе от 300 гривен; <br /><p>u2022возможность заказа нескольких размеров на выбор (только для Киева);<br /><p>u2022различные методы оплаты заказа - наличными, картами Visa, Mastercard или ПриватБанка, банковский счет, наложенный платёж;<br /><p>u2022высокая выполняемость заказов и почти полное отсутствие возвратов;<br /><p>u2022возможность покупки товара в рассрочку;<br /><p>u2022большое количество позитивных отзывов о работе магазина (все реальные);<br /><p>u2022бонусная программа для постоянных покупателей<br /><p>u2022весь представленный товар сертифицирован<br /><p>u2022собственная курьерская служба<br /><p>u2022еженедельное пополнение  ассортимента <br /><p><br /><p><b>Преимущества партнерской программы:</b><br /><p>u2022магазин отличается своей лояльностью и сервисом;<br /><p>u2022развиваем направление собственного импорта<br /><p>u2022высокая конверсия сайта<br /><p>u2022наличие категорий с очень высоким средним чеком (крещение)<br /><p>u2022повышение среднего чека благодаря системе кросс-продаж<br /><p><br /><p>Вознаграждение за подтвержденный и оплаченный заказ.<br /><p><b>Гео - Украина</b><br /><p><b>Холд - 20 дней<br /><p><br />Запрещенные источники трафика:<br />спам, порно, мотивированный трафик, контекст в поиске и соцсетях.<br />Проверка источников трафика по требованию.</p>";"2013-09-03"
"Knopus.com.ua - заказ в детском интернет-магазине (UA)";"Инет-магазины одежды,косметики";"<p>Интернет-магазин детской одежды Кнопус - это всегда больше, чем Вы ожидали.</p><br /><p>Доставка бесплатная, независимо от суммы заказа, во все города Украины.<br>Удобный и беспроблемный возврат на протяжении 30 дней - если детская одежда, которую Вы купили не подошла Вам по размеру или не понравился цвет или фактура ткани, просто перезвоните нам и мы вернем Вам деньги в течении 3-х рабочих дней.</p><br /><p>Несколько вариантов оплаты - интернет-магазин Кнопус, пожалуй, единственный интернет-магазин детской одежды, в котором оплату можно совершить с помощью кредитной карты, не выходя из дома.<br><br /><br /><p><b>Оплата</b> производится за подтвержденный и оплаченный заказ товара - 3,5%; за подписку на рассылку - 5,5грн (22руб) <br /><em><strong>Целевая аудитория:</strong></em><br />Беременные, мамы с детьми 0-1год, <br /><strong><em>Гео</em></strong> - Украина</p><br /><p><b>Запрещенный трафик</b> Емейл рассылки, popup, мотивированный. ";"2013-09-03"
"Kokoss.com.ua - заказ кедов Converse в интернет-магазине обуви";"Инет-магазины одежды,косметики";"<p>Американская компания Converse, производящая обувь с начала 20 века, и наиболее известна своими кедами Chuck Taylor All-Stars.<br /><p>Владельцами конверсов за всю историю их существования были именитые спортсмены и представители молодежных субкультур, голливудские звезды и обычные студенты, дети и старики, радикальная молодежь и влиятельные миллионеры. <br /><p>Converse - марка с более чем вековой историей, это обувь индивидуальности и свободы, которая давно вышла за рамки просто спортивных кед. Обувь актуальная всегда - вне времени, возраста и жизненных приоритетов.<br /><p>Присоединяйся к жизни в стиле Converse!<br /><p><br /><p>Гео - Украина.<br /><p><br />Оплачивается подтвержденный заказ обуви с корректно заполненными обязательными полями - Имя, адрес электронной почты контактный телефон.";"2013-09-03"
"Kolpak.com.ua - заказ в интернет-магазине автомобильных колпаков";"Интернет магазины";"Преимущества интернет-магазина kolpak.com.ua:<br /><p>u2014 Поштучная продажа и раскомплектовка аксессуаров.<br /><p>u2014 Подробные консультации от квалифицированных менеджеров.<br /><p>u2014 Доставка по всей территории Украины - бесплатная!Оплачивается только стоимость товара.<br /><p>u2014 Самый большой ассортимент представленных брендов j-tek, sks, versaco, heko, hic. fly, vip.<br /><p>u2014 Возможность возврата товара в течении 14 дней.<br /><p>u2014 При покупке в интернет-магазине kolpak.com.ua в набор докладываются хомуты, для крепления колпака.<br /><p>u2014 Интернет-магазин работает с 10 до 18.00. Выходной день - Воскресенье.<br /><p>u2014 Товар отправляется по "Новой Почте" каждый день в 16.00, воскресенье u2013 выходной день.<br /><p><br /><p>Вознаграждение за подтвержденный заказ или запрос обратного звонка.<br /><p>Гео - Украина<br /><p>Запрещенные источники трафика - спам-рассылки, порно, мотивированный";"2013-09-03"
"LeBoutique Модный Клуб - регистрация или регистрация+заказ";"Интернет магазины";"Ежедневные распродажи брендовой одежды, обуви и аксессуаров для участников шопинг-клуба LeBoutique<br /><p><b>О клубе</b><br /><p><b>LeBoutique.com</b> u2014 шопинг-клуб u21161 в Украине. Мы предоставляем клиентам возможность приобрести товары от известных брендов, таких как Esprit, Zara, Calvin Klein, Nike, Benetton, Victoria's Secret, UGG, Diesel, Mexx, Juicy Couture, Gloria Jeans и многих других со скидкой до 90% в течение ограниченного периода времени u2014 от 5 часов до 3 дней.<br /><br /><p><b>Совершая покупки в нашем шопинг-клубе, ваши пользователи получают:</b><br /><p>- гарантию подлинности и качества товара;<br /><p>- постоянные скидки до 90%;<br /><p>- круглосуточную поддержку специалистов нашего колл-центра;<br /><p>- оперативную доставку заказа в любой уголок Украины;<br /><p>- возможность легко оформить возврат.<br /><p><br /><p><b>Преимущества работы с партнёрской программой ЛеБутик:</b><br /><p>- вы можете самостоятельно выбрать систему, по которой хотите с нами сотрудничать:<br /><p>- с оплатой за регистрацию в размере 6,5 грн (26 рублей);<br /><p>- с оплатой за доставленный и оплаченный заказ в размере 4% от суммы покупки.<br /><p>- в вашем распоряжении постоянно обновляемая база различных рекламных материалов;<br /><p>- наш ассортимент полностью обновляться в течении 3 дней, поэтому каждый клиент может выбрать "свою" вещь;<br /><p>- мы заинтересованы во взаимовыгодном сотрудничестве, поэтому разрабатываем программу лояльности для самых активных веб-мастеров.<br /><p><br /><p><b>Запрещенные источники трафика:</b><br /><p>несанкционированные e-mail рассылки, порно-трафик, контекстная реклама на бренд.<br /><p><b>Гео-таргетинг</b> - вся Украина.<br /><p><b>Холд</b> - 30 дней (до 14 дней доставка + 14 возврат).<br /><p><br /><p>Следите за регулярным обновлением лендингов и рекламных материалов.<br /><p><b>Важно! При использовании deeplink следите за сроком акции и наличием товара!</b>";"2013-09-03"
"Lingva.ua - заявка в школу ин.языков";"Разное";"Вознаграждение за подтвержденную заявку с корректными контактными данными. Гео - Киев  ";"2013-09-03"
"McDonald's HR";"Интернет магазины";"Вознаграждение за отправленное резюме с корректными данными.<br /><p>Разрешенный трафик:<br /><p>баннерная реклама<br /><p>контекстная реклама<br /><p>тизерный трафик";"2013-09-03"
"MCPP - бесплатная юридическая консультация";"Инет-магазины одежды,косметики";"Бесплатная консультация юриста и адвоката в Москве и Московской области.";"2013-09-03"
"Modnakasta - заказ в онлайн шоппинг-клубе";"Интернет магазины";"ModnaKasta - онлайн шоппинг-клуб. <br />Каждый день представляет распродажи брендовых life-style товаров со значительными скидками u2013 от 50% до 90%.<br /><br /><p>Во время этих краткосрочных акций каждый член клуба modnaKasta может приобрести на сайте: <br />одежду <br />обувь<br />косметику <br />аксессуары <br />украшения для женщин, мужчин и детей <br />декор для дома.<br /><br /><p>Гео-таргетинг:<br />Украина.<br /><p>Дополнительные условия:<br />Вознаграждение только за подтвержденные заказы. <p>Холд - 18 дней.";"2013-09-03"
"Modnapani.com.ua - заказ в интернет-магазине бижутерии и аксессуаров";"Инет-магазины одежды,косметики";"<b>Modnapani.com.ua</b> - надежный магазин качественных, стильных и модных аксессуаров с быстрой доставкой <br /><p>Это возможно? Более чем. Мы известны благодаря исключительным достоинствам своей продукции и неизменно придерживаемся высочайших стандартов обслуживания клиентов.<br /><p><br /><p><b>Делая покупки в магазине ModnaPani.com.ua:</b><br /><p>- Вы получаете эксклюзивную и качественную продукцию<br /><p>- Большой ассортимент модной бижутерии, часов и других аксессуаров<br /><p>- Быструю и бесплатную доставку в любой город Украины<br /><p>- Гарантию на весь ассортимент продукции 30 дней<br /><p>- Для партнеров - оптовая продажа бижутерии.<br /><p><br /><p><b>ЦА</b> - женщины, 18-35 лет.<br /><p><br /><p><b>Гео</b> - Украина.<br /><p><br /><p><b>Запрещенные источники трафика</b> - дорвей, спам-рассылки, порно.";"2013-09-03"
"Modoza - регистрация\/заказ в интернет-магазине";"Обучение";"Интернет-магазин MODOZA брендовой итальянской одежды, обуви, сумок, аксессуаров и товаров для дома.<br /><br /><p><b>Постклик</b> - 1 месяц<br /><p><b>Холд регистраций</b> - 7 дней, заказов - 20 дней<br /><p><b>Гео</b> - Украина<br /><p><b>Запрещенные источники</b> - порно, спам-рассылки, мотивированный трафик, попап форматы.<br />";"2013-09-03"
"Monster High - заказ в интернет-магазине кукол";"Игры";"Вознаграждение за подтвержденный и оплаченный заказ.";"2013-09-03"
"MyFlorange.ru интернет-магазин";"Интернет услуги";"Вознаграждение за подтвержденный и оплаченный заказ.<br />Холд - 20 дней<br />Гео - Украина";"2013-09-03"
"Navigator - подбор персонала ";"Интернет магазины";"<p><strong>Кадровое агентство НАВИГАТОР</strong> - одна из старейших компаний на рынке кадровых услуг. Мы занимается поиском, отбором, обучением и оценкой персонала в Киеве и всей Украине с июня 1999 года.<br />НАВИГАТОР - зарегистрированная торговая марка (ТМ), единственное рекрутинговое агентство с зарегистрированной торговой маркой (Свидетельство u211686896). Это говорит о том, что мы на рынке всерьез и надолго. Учитывая, что каждый месяц на рынке появляется несколько десятков агентств по подбору персонала, а другие десятки агентств - исчезают, для клиента очень важна стабильность и уверенность в партнере.<br /><strong>Преимущества работы с кадровым агенством Навигатор:</strong><br /><br /><ul><br /><li>опытные и квалифицированные рекрутеры.</li><br /><li>технология и Стандарты</li><br /><li>в лидерах Рейтингов рекрутинговых агентств Украины</li><br /><li>100% гарантии</li><br /></ul><br /></p><br /><p><strong>Запрещенный трафик </strong>- спам рассылки <br /><strong>Геотаргетинг</strong> - Украина <br /><strong>Целевая аудитория</strong> - руководители компаний (генеральный, коммерческий, HR-директор), менеджеры по персоналу. М/ж 25-55 лет</p><br /><p><strong>Преимущества работы с партнёрской программой Навигатор:</strong> <br /><br /><ul><br /><li>вы можете самостоятельно выбрать систему, по которой хотите с нами сотрудничать:</li><br /></ul><br />-подписка на рассылку сайта<br />-заявка на подбор персонала <br />-заполнения формы обратной связи (вопрос-ответ) на сайте <br />-звонок на сайт<br /><br /><ul><br /><li>мы заинтересованы во взаимовыгодном сотрудничестве, поэтому разрабатываем программу лояльности для самых активных веб-мастеров</li><br /></ul><br /></p><br /><p></p>";"2013-09-03"
"Nicer Dicer - супер овощерезка!";"Интернет магазины";"Найсер Дайсер Плюс u2013 незаменимый помощник на кухне! Его чрезвычайно острые режущие лезвия позволят Вам безупречно нарезать все виды фруктов и овощей.<br /><p>Вознаграждение за подтвержденный и оплаченный заказ.<br /><p>Холд заказов - 7 дней.<br /><p>Постклик - 1 месяц.<br /><p>Гео - Украина.<br /><p>Запрещенные источники трафика - порно, спам-рассылки, мотивированный.<br />";"2013-09-03"
"NoName.in.ua - заказ футболок с принтами (UA)";"Инет-магазины одежды,косметики";"Интернет-магазин футболок с принтами различных тематик. Бесплатная доставка.<br /><p>Гео - Украина<br /><p>Холд заказа - 14 дней<br /><p>Запрещенные источники - спам-рассылки, порно, мотивированный трафик, поп-ап форматы.";"2013-09-03"
"Nutricia Club ";"Инет-магазины одежды,косметики";"Вознаграждение за подтвержденную регистрацию в Nutricia Club (верификация зарегистрированного пользователя по электронной почте и/или телефону). Стимулом для посетителей является бесплатный подарок.<br /><p>Запрещен контекст в поиске google.";"2013-09-03"
"OKNA-TM Казахстан - регистрация компании";"Интернет магазины";"OKNA-TM.kz - единая система продаж для компаний поставляющих товары и услуги на рынке светопрозрачных конструкций. <br /><p>Вознаграждение за подтвержденную регистрацию компании. С компанией можно связаться, указанные контактные данные верны, компания не регистрировалась ранее на сайте.<br /><br /><p>Запрещенные виды трафика:<br /><p>- попандеры/кликандеры;<br /><p>- несанкционированные (не согласованные) рассылки;<br /><p>- спам в любом виде.<br /><p>Остальное (включая контекст) - разрешено";"2013-09-03"
"OKNA-TM Россия - регистрация компании";"Юрид. и бух. услуги ";"OKNA-TM.ru - единая система продаж для компаний поставляющих товары и услуги на рынке светопрозрачных конструкций. <br /><br /><p>Вознаграждение за подтвержденную регистрацию компании. С компанией можно связаться, указанные контактные данные верны, компания не регистрировалась ранее на сайте.<br /><br /><p>Запрещенные виды трафика:<br /><p>- попандеры/кликандеры;<br /><p>- несанкционированные (не <br /> согласованные) рассылки;<br /><p>- спам в любом виде.<br /><p>Остальное (включая контекст) - разрешено";"2013-09-03"
"Originalam.net - заказ интернет-магазине печатающих устройств и СНПЧ";"Интернет магазины";"<p>INKSYSTEM - интернет-магазин, осуществляющий продажу оригинальных систем непрерывной подачи чернил, перезаправляемых картриджей, чернил и фотобумаги для печатных устройств таких производителей как Canon, Epson, Brother и HP.<br /><p>Магазин постоянно расширяет свой ассортимент, предлагая своим покупателям лучшие товары, качество которых подтверждено необходимыми сертификатами.<br />Каждый клиент может воспользоваться специальными условиями и скидками, так же доступны промо-кода при помощи которых, покупатель может купить любую продукцию INKSYSTEM  с 5% скидкой.</br><br /><p>Конкурентные преимущества - качество производимой продукции.<br /><p>Мы делаем качественную цветную печать доступной каждому!<br /><p><br />Вознаграждение за подтвержденный и оплаченный заказ на сайте.<br /><p><br /><p><b>Гео: Украина, РФ, Беларусь. Казахстан - временно отключен.</b><br /><p><br /><p><b>Холд - 7 дней.</b><br /><p><br /><p><b>Запрещен дорвей-трафик.</b><br /><p>Реклмаодатель предоставляет большой набор баннеров по странам и моделям.<br /><p>Используйте промо-код! Epson-4020-837-730-30. Дает скидку 5% на всю продукцию INKSYSTEM, действителен до 31-го августа.";"2013-09-03"
"PerfumeShop - заказ в интернет-магазине духов (UA)";"Интернет магазины";"Вознаграждение за подтвержденный и оплаченный заказ. <p>Гео - Украина. <p>Холд - 10 дней. <p>Действует гибкая система увеличения % при большом количестве заказов от одного партнера.";"2013-09-03"
"Prime-class - заявка в школу иностранных языков";"Обучение";"Вознаграждение за подтвержденную заявку на пробное бесплатное занятие в школе иностранных языков Prime-class.<br />Вознаграждение за результативный звонок.";"2013-09-03"
"Prime World - RPG Strategy игра";"Инет-магазины одежды,косметики";"<b>Prime World</b> - это онлайн-стратегия с ролевыми элементами от создателей игр "Heroes of Might & Magic V";"2013-09-03"
"Prom.ua - активация профиля компании";"Инет-магазины одежды,косметики";"Вознаграждение за активацию профиля компании. <br />Холд 30 дней";"2013-09-03"
"ProstoMag - заказ в интернет-магазине техники и аксессуаров";"Обучение";"<b>ProstoMag.odessa.ua</b> - интернет-магазин мелкой бытовой техники, портативной техники и аксессуаров.<br /><p>Вознаграждение за подтвержденный и оплаченный заказ.<br /><p>Гео - Украина<br /><p>Холд заказов - 20 дней<br /><p>Постклик - 1 месяц<br /><p>Запрещенные источники трафика - порно, спам-рассылки, мотивированный.";"2013-09-03"
"Relax tone \u2013 устройство для массажа ";"Инфо-товары";"Relax tone u2013 устройство для массажа и расслабления, позволяющее уменьшить вес и придать стройность всему Вашему телу! Relax&Tone u2013 скульптор Вашего тела.<br /><p>Вознаграждение за подтвержденный и оплаченный заказ.<br /><p>Холд заказов - 7 дней.<br /><p>Постклик - 1 месяц.<br /><p>Гео - Украина.<br /><p>Запрещенные источники трафика - порно, спам-рассылки, мотивированный.<br />";"2013-09-03"
"SCALA - заказ в интернет-магазине белья (UA)";"Инфо-товары";"Вознаграждение за подтвержденный и оплаченный заказ белья для коррекции фигуры.<br /><p>Гео - Украина<br /><p><b>Запрещенные источники трафика:</b><br /><p>Порно, спам-рассылки, pop-up, click under, мотивированный трафик. ";"2013-09-03"
"ShopArt - интернет-магазин обуви, сумок и аксессуаров (UA)";"Обучение";"Интернет-магазин одежды <b>Shopart</b> создан для того чтобы доставлять удовольствие клиентам вместе с качественным ассортиментом и адекватным сервисом высокого уровня. <br /><p>Каждый сезон команда байеров Shopart отбирает коллекции напрямую у производителей в Италии, Германии и Франции, а также у официальных поставщиков европейских и американских брендов в Украине. <br /> <br /><p><b>Особенности:</b><br /><p>распродажи товара со значительными скидками (до 60%);<br /><p>доставка по всей Украине (Новая почта, Postman);<br /><p>бесплатная доставка заказов от 800 гривен.<br /><p>наличный и безналичный расчет;<br /><p><br /><p><b>Вознаграждение за подтвержденный и оплаченный заказ</b> - 8,5% от суммы заказа.<br /><p><b>География </b>- Украина.<br /><p><b>Постклик</b> - 7 дней.<br /><p><b>Холд конверсий</b> - 25 дней.<br /><p><br /><p><b>Запрещенные источники трафика</b> - контекстная реклама на бренд, попап, порно, спам, e-mail рассылки, мотивированный трафик.<br /><p><br /><p>Следите за обновлением посадочных страниц и рекламных материалов.<br /><p><b>Используйте промо-коды!</b> <br /><p>Купон на скидку 50 грн, лимит корзины 600 грн SHOPART50<br /><p>http://shopart.ua/100-bonus.html 100 грн скидка на покупки от 1000 грн. до 31.08.2013";"2013-09-03"
"shopzone.ua";"Обучение";"Вознаграждение за оплаченный заказ товара на сайте www.shopzone.ua. <br /><p>Холд - 14 дней.<br /><p>Гео - вся Украина.<br /><p><b>Запрещен виды трафика:</b><br /><p>порно, спам, e-mail рассылки, pop-under, контекст в поиске Google, контекст на бренд. <br /><p>Проверка источников трафика по требованию.<br /><p>Рекламные материалы регулярно обновляются";"2013-09-03"
"Shramko.in.ua - заявка на регистрацию юридического лица";"Обучение";"Принимаются заявки на регистрацию юридического лица. Заявка должна содержать корректные контактные данные.<br />Не принимаются заявки, по которым невозможно дозвониться в течение 2 дней либо по контактным данным которых не было заявки на создание юридического лица.<br><br />Самые низкие цены на регистрацию ООО (без учета услуг нотариуса)<br><br />Холд - 30 дней";"2013-09-03"
"Skidka.ua - интернет-магазин бытовой техники и электроники";"Обучение";"Вознаграждение за подтвержденный и оплаченный заказ. Гео - Украина.";"2013-09-03"
"Sotmarket.ru - интернет-магазин мобильной техники и аксуссуаров";"Интернет магазины";"<p><b>Сотмаркет</b> специализируется на розничной торговле электроникой, мелкой бытовой техникой и аксессуарами. В ассортименте магазина около 120 тысяч различных товаров. Это смартфоны, ноутбуки, планшеты, фотоаппараты и многое другое u2014 всё, что требуется для комфортной работы и отдыха в ритме современной жизни.<br /><p><br /><p>Наши преимущества:<br /><p><br /><p>- Широкий ассортимент товаров всегда в наличии;<br /><p>- Оперативное поступление новинок;<br /><p>- Доставка по всей России, без предоплаты;<br /><p>- Возможность бесплатно забрать заказ в одном из 60 офисов по всей России;<br /><p>- Множество оперативных бесплатных каналов связи;<br /><p>- Возможность оформить кредит онлайн за 2 минуты*;<br /><p>- Отслеживание выполнения заказов в личном кабинете, по электронной почте или СМС;<br /><p>- Круглосуточная служба поддержки.<br /><p><br /><p>Вознаграждение за подтвержденный и оплаченный заказ (% по категориям товаров).<br /><p><br /><p><b>Гео -Россия, Казахстан.</b><br /><p><br /><p>Холд - 20 дней. <br /><p><br /><p>Регулярное обновление рекламных материалов.<br /><p><br /><p>Участвуйте в конкурсе для вебмастеров от Сотмаркет!<br /><br />";"2013-09-03"
"Speak UP - заявка на курсы английского языка (UA)";"Разное";"Оплачивается корректно заполненная заявка со всеми обязательными полями.<br /><p><b>С 26.07 выплата увеличена! - 35 грн. (140 рублей).</b><br /><p><b>Гео - Киев, Одесса</b><br /><p><b>Разрешенный трафик:</b><br /><p>- Google Adwords<br /><p>- YandexDirect<br /><p>- MarketGid<br /><p>- Санкционированная Email-рассылка<br /><p>- Игровой трафик<br /><br /><p><b>Запрещенный трафик:</b><br /><p>- Переадресация (Redirect)<br /><p>- Порно трафик<br /><p>- Спам<br /><p>- Дорвейный<p>";"2013-09-03"
"Stock-Moda - регистрации в интернет-магазине";"Интернет услуги";"Вознаграждение за регистрацию в интернет-магазине (верификация по номеру телефона).<br />Гео - Украина.<br />Холд - 7 дней";"2013-09-03"
"Stock-moda.eurodiler.net";"Интернет услуги";"";"2013-09-03"
"Stop Smoking Россия";"Интернет магазины";"Оплачивается заявка на доставку видеокурса Stop Smoking с корректно заполненными полями: Ф.И.О., страна, почтовый индекс, подробный адрес.";"2013-09-03"
"Stroimprosto - строительные тендеры (Россия)";"Игры";"";"2013-09-03"
"StroyProsto - заявка на услуги ремонта (тендер)";"Интернет услуги";"Оплачивается корректно заполненная заявка на услуги ремонта. Корректно заполненная заявка - заявка, по которой можно связаться с человеком и данный человек действительно оставлял заявку.<br><br />Запрещенный виды трафика: контекстная реклама (Google Adwords), кликандеры/попандеры, несанкционированные email рассылки<br><br />Яндекс.Директ - разрешен";"2013-09-03"
"StudyBuddy - заказ интерактивного курса для первоклассника";"Интернет магазины";"Выплата - 40 грн. (160 рублей).";"2013-09-03"
"StudyBuddy - заказ интерактивного курса для старшеклассника";"Интернет магазины";"Выплата - 80 грн. (324 рубля).";"2013-09-03"
"SuperPCexpert Россия";"Интернет услуги";"Оплачивается корректно заполненная заявка на  курс видеоуроков, с заполнением обязательных полей - Ф.И.О., страна, почтовый индекс, подробный адрес доставки.";"2013-09-03"
"SuperPCexpert Украина";"Финансы";"Оплачивается корректно заполненная заявка на курс видеоуроков, с заполнением обязательных полей - Ф.И.О., страна, почтовый индекс, подробный адрес доставки.";"2013-09-03"
"SVISION";"Интернет магазины";"Оплачивается заявка на доставку набора Svision с корректно заполненными полями: Ф.И.О., страна, почтовый индекс, подробный адрес.";"2013-09-03"
"Sweet Home";"Интернет магазины";"Оплачивается заявка на доставку продукта Sweet Home с корректно заполненными полями: Ф.И.О., страна, почтовый индекс, подробный адрес.";"2013-09-03"
"Talking Hamster - заказ говорящего хомяка (UA)";"Интернет магазины";"Говорящий хомяк u2013 кумир современного поколения. Способен подшутить над друзьями, родственниками, знакомыми, случайными прохожими и даже u2026 сотрудниками ДПС u2013 видео, на котором хомяк троллит гаишника набрало несколько десятков тысяч просмотров. Плюшевый грызун повторяем каждое сказанное ему слово смешным мультяшным голосом. Выполненный из мягкого гипоаллергенного материала, говорящий хомяк приятный на ощупь и станет отличным подарком для взрослых и лучшим другом детей и подростков.<br /><p>Вознаграждение за подтвержденный и оплаченный заказ.<br /><p>Холд заказов - 10 дней.<br /><p>Гео - Украина.<br /><p>Запрещенные источники трафика - порно, спам-рассылки, мотивированный трафик.<br />";"2013-09-03"
"TEXAL - Ваша красота и спокойствие";"Инет-магазины одежды,косметики";"TEXAL - комплекс масок для лица и тела.<br /><p>Вознаграждение за подтвержденный и оплаченный заказ товара 120 грн. (485 рублей).<br /><p>География: Украина.<br /><p>Холд: 10 дней.<br /><p>Запрещенные источники трафика: порно, спам, мотивированный трафик.<br />";"2013-09-03"
"Tfin - заявка на кредит наличными";"Интернет магазины";"Оплачивается корректно заполненная заявка на получение кредита наличными (заполнены все обязательные поля). Запрещен мотивационный трафик, контекстная реклама.";"2013-09-03"
"Ticketforivent";"Интернет услуги";"Регистрация на сайте сервиса по продаже электронных билетов. <br />Корректно заполненная заявка должна содержать имя, фамилию, название компании, указание страны, телефон и e-mail адрес.<br />Запрещается использование мотивированный трафик.";"2013-09-03"
"Tiu.ru - активация профиля компании";"Инфо-товары";"Вознаграждение за активацию профиля компании.<br />Холд - 30 дней.";"2013-09-03"
"Topbrands.ru - заказ в интернет-магазине одежды";"Игры";"";"2013-09-03"
"Tribez для iPad";"Интернет услуги";"Вознаграждение за инсталляцию на iPad.<br />Запрещен мотивированный трафик, контекстная реклама, контекстная реклама на бренд.";"2013-09-03"
"TriggMine";"Инфо-товары";"TriggMine u2013 сервис триггерных сообщений для возврата брошенных корзин.<br />Вознаграждение за подтвержденную регистрацию на тестовый старт сервиса.<br />Таргетинг - Россия, Украина.";"2013-09-03"
"UATOYS - заказ в интернет-магазине детских товаров";"Финансы";"Вознаграждение за подтвержденный и оплаченный заказ.";"2013-09-03"
"UGG в интернет-магазине kokoss.com.ua";"Финансы";"Оплачивается подтвержденный заказ обуви с корректно заполненными обязательными полями - Имя, адрес электронной почты контактный телефон.";"2013-09-03"
"uGift Украина - заказ подарочного сертификата";"Интернет магазины";"Вознаграждение за заказ подарочного сертификата. Разрешены все виды трафика, кроме спама.<br><br />Выплата - 5% от стоимости оплаченного подарочного сертификата.<br><br />Действует бонусная программа: при 5 подтвержденных заказах в месяц выплата составляет 6% от стоимости, при 10 подтвержденных заказах - 7%, более 10 заказов в месяц - 7,5% от суммы. Доначисления к базовой выплате в 5% производятся раз в месяц.<br /><br><br />Холд - 10 дней";"2013-09-03"
"uTrader.com - брокер бинарных опционов";"Интернет магазины";"Вознаграждение за внесение средств на счет на сайте www.uTrader.com";"2013-09-03"
"V&V (VNV) - заказ в интернет-магазине зарядных устройств и БП";"Финансы";"Вознаграждение за подтвержденный заказ в интернет-магазине.<br /><p> Продажа зарядных устройства и блоков питания для различной портативной техники<p/>";"2013-09-03"
"Vetrovik.com.ua - заказ в интернет-магазине автомобильных ветровиков";"Финансы";"Интернет-магазин vetrovik.com.ua занимается оптовой реализацией автомобильных акссесуаров. <br /><p>Наши преимущества:<br /><p>u2014 Компетентные менеджеры, готовые дать качественную консультацию.<br /><p>u2014  Интернет-магазин работает с 10.00 до 18.00, выходной Воскресенье.<br /><p>u2014 Товар отправляется по "Новой Почте" каждый день в 16.00, воскресенье выходной.<br /><p>u2014 Бесплатная доставка по всей Украине, вы оплачиваете только себестоимость товара, никаких скрытых затрат, например за обратную доставку денег.<br /><p>u2014 Самый большой ассортимент представленных брендов j-tek, sks, versaco, heko, hic. fly, vip.<br /><p>u2014 Гарантированный возврат товара в течении 14 дней (Согласно 9 статьи Закона о Защите прав потребителя).<br /><p><br /><p>Вознаграждение за подтвержденный заказ или запрос обратного звонка.<br /><p>Гео - Украина<br /><p>Запрещенные источники трафика - спам-рассылки, порно, мотивированный";"2013-09-03"
"Vibiray.com - заказ в интернет-супермаркете";"Финансы";"";"2013-09-03"
"Vilenashop - заказ в интернет-магазине бюжетерии (UA)";"Интернет магазины";"<p><b>VilenaShop.com - интернет-магазин элитной бижутерии и украшений из натурального жемчуга</b>. <br /><br>В последнее время бижутерия становится неотъемлемой частью гардероба современной женщины. <br>Модная бижутерия помогает создавать стильный образ и выразить свою индивидуальность.<br /><br>В ассортименте представлены украшения известных брендов, таких как Hermes, Bvlgari, Cartier, Fendi, Gucci, Chanel, ShamballaJewells и др. А также украшения из натурального жемчуга: кольца, браслеты, ожерелья, кулоны, броши. Ассортимент постоянно обновляется и увеличивается.<br /><p>Размер выплаты за оплаченный заказ - от 12% суммы заказа.<br /><br>Действует бонусная система для вебмастеров в зависимости от суммы стоимости заказов, привлеченных за месяц (30 дней)<br /><br>Стандартная ставка 12% - от 0 до 5 000 гривен.<br /><br>Серебряная ставка 16% - от 5001 до 10 000 гривен.<br /><br>Золотая ставка 20% - больше 10 001 гривен.<br /><p><b>Конкурентные преимущества и особенности:</b><br /><br>- постоянно обновляемый каталог товаров;<br /><br>-высокое качество изделий;<br /><br>-бесплатная и удобная доставка по всей Украине в течение 1-3 дней, возможность доставки u00abот двери к двериu00bb;<br /><br>-красивая праздничная упаковка в подарок, независимо от суммы заказа;<br /><br>-регулярные акции и скидки. Скидка -5% каждому покупателю на вторую покупку;<br /><br>-постоянный раздел u00abРаспродажаu00bb;<br /><br>-качественное и оперативное обслуживание каждого клиента;<br /><br>-различные способы оплаты, удобные и безопасные для клиентов;<br /><br>-индивидуальный подход к каждому клиенту.<br /><p><b>Преимущества партнерской программы:</b><br /><br>-Постоянные акции, специальные предложения и бонусная шкала для постоянных партнёров;<br /><br>-Индивидуальные бонусы для партнеров, привлекающих свыше 100 заказов в месяц;<br /><br>-Большой выбор украшений, отвечающих требованию самых капризных покупателей;<br /><br>-Постоянно обновляемые рекламные материалы и колонка новостей;.<br /><br>-Бесплатная доставка товаров по всей территории Украины.<br /><p>Целевая аудитория: женщины от 18 до 50 лет <br /><br /><b>География - Украина</b> </p><br /><p>Запрещенные источники трафика:<br />e-mail-рассылки<br />трафик из приложений/игр в соц.сетях<br />Дорвеи<br />clickunder<br />тизерные сети<br />push-реклама<br />popup</p>";"2013-09-03"
"VipGift - заказ в интернет-магазине подарков";"Финансы";"";"2013-09-03"
"Vislinsky Club - игровой онлайн тренинг \"Создай Семью\"";"Финансы";"о тренинге <b>u00abСоздать Семьюu00bb</b><br /><p>Тренинг имеет три ступени: Знакомство, Резонанс, Развитие. Каждая длится 21 день.<br /><p>Стоимость одной ступени u2014 100 USD. Вы платите за:<br /><p>- неограниченный доступ к участию в онлайн игре u00abТеатр FMu00bb<br /><p>- три-пять дней в неделю игровые вебинары: каждый посвящен одному умению<br /><p>- ежедневные рекомендации Консультанта<br /><p>- учебные материалы по каждому выбранному умению<br /><p>- возможность обучиться на ведущего игры u00abТеатр FMu00bb.<br /><p><br /><p>Вознаграждение - % от суммы первого платежа (у пользователя есть возможность оплатить первую ступень или весь тренинг сразу со скидкой 30%).";"2013-09-03"
"voloshelp";"Инфо-товары";"простая форма заявки.<br />достойное вознаграждение.<br />время жизни PostClick Cookie 30 дней.<br />Целевая аудитория - потенциальные пользователи услуг: мужчины и женщины cтарше 25 лет,  страдающие выпадением волос. <br /><br />Некачественной (то есть не подлежащей оплате ) электронной заявкой считается такая заявка, в которой:<br />- нет возможности связаться с заполнившим анкету человеком по указанному телефону: телефонный номер не существует, заблокирован, заполнен с ошибками или не принадлежит заполнившему анкету;<br />- в течение 2 (двух) дней было сделано 3 (три) звонка, каждый из которых остался без ответа;<br />- более 40% обязательных полей заполнено пренебрежительно (u00ab-u00bb, u00abне скажуu00bb, u00abне знаюu00bb)<br />- указанный регион регистрации не соответствует выбранному Заказчиком таргетингу.";"2013-09-03"
"Wiskas - бесплатный корм для котят";"Интернет магазины";"Оплачивается корректно заполненная заявка (содержащая все обязательные поля) на получение 3-х пакетиков корма Whiskas для котят. Гео - вся Украина.";"2013-09-03"
"World of Dragons - регистрация в online mmorpg игре";"Финансы";"World of Dragons (Мир Драконов) u2014 бесплатная многопользовательская онлайн игра (online mmorpg), направленная на любителей PvP сражений. Основной акцент сделан на системе воздушных боёв. У пользователей появится отличная возможность сражаться на летающих Драконах и не только.<br /><br /><p><b>Выплата: </b>за активного игрока <b>50 грн.(200 руб.)</b><br /><br /><p><b>Холд: </b>до 30 дней<br><br /><p><b>Запрещенные источники трафика: </b> контекстная реклама, соц.сети (группы/паблики), мотивированный.<br /><p><b>Гео: </b>СНГ<br>";"2013-09-03"
"X-HOST - покупка хостинга и\/или домена";"Интернет услуги";"Вознаграждение за покупку  на сайте www.x-host.ua.";"2013-09-03"
"Yaware - установка программного обеспечения";"Инфо-товары";"Yaware - это эффективная, полностью автоматическая система учета рабочего времени сотрудников за компьютерами. <br /><br>Yaware даёт возможность контролировать работу сотрудников в любой точке планеты.</br><br /><p>Вознаграждение за приведенного пользователя, который установил и начал использовать Yaware.<br /><p>Гео - Украина и СНГ<br /><p>Холд конверсий - 10 дней<br /><p>Запрещенные источники трафика - порно, спам-рассылки, мотивированный.";"2013-09-03"
"АВАЛЬ - заявки на кредит наличными";"Обучение";"Вознаграждение за подтвержденную заявку на кредит с корректно указанными данными.<br /><p>Гео - Украина (<b>кроме Одессы и обл.!</b>)<br /><p><b>Запрещенные источники трафика:</b><br /><p>Adult-трафик<br /><p>ClickUnder<br /><p>Toolbar реклама<br /><p>Мотивированный трафик<br /><p>Мотивированный трафик (Cash)";"2013-09-03"
"Автоломбард - кредит наличными под залог автомобиля";"Инфо-товары";"Вознаграждение за подтвержденную заявку с корректными контактными данными пользователя.<br /><p>Гео - Киев.";"2013-09-03"
"Автосигнализации Pandora";"Разное";"";"2013-09-03"
"Автосигнализации Pandora - (CPS) продажа сигнализаций и имобилайзеров";"Обучение";"Вознаграждение за подтвержденный заказ";"2013-09-03"
"Альфа-Банк - заявки на кредитную карту (UA)";"Туризм";"<b>Преимущества работы с Альфа Банком:</b> <br /><br>- Кредиты на любые цели до 200 000 грн <br /><br>- Процентная ставка u2013 0,01% годовых в гривне   <br /><br>- Кредит до 20 000 грн. без справки о доходах <br /><br>- Решение по кредиту наличными в режиме онлайн  <br /><br>- Можно вернуть кредит в течении 20 суток абсолютно бесплатно <br /><br>- Узнаваемость Банка на территории Украины <br /><p>Возрастной таргетинг: 25 - 65 лет. <br /><p><b>Вознаграждение</b> за подтвержденную заявку на кредитную карту - <b>20 грн.(80 руб.).</b><br /><p><b>Холд</b>- 20 дней.<br /><p><b>Выплата</b> - 17 грн. (68 руб.)<br /><p><b>Гео</b> - Украина.<br /><p>Запрещенные источники трафика - контекстная реклама на бренд, попап и попандер, мотивированный трафик.";"2013-09-03"
"Альфа-Банк Украина";"Интернет услуги";"Заявка на кредит наличными";"2013-09-03"
"АльфаБанк - заявка на кредитную карту";"Обучение";"";"2013-09-03"
"Аппликаторы Ляпко";"Финансы";"Вознаграждение за подтвержденный заказ товаров на сайте summer.lyapko.ua.";"2013-09-03"
"Арсенал Консалтинг - кредит за 5 минут!";"Интернет услуги";"Вознаграждение за заявку на кредит с корректными данными.<br />Холд - 30 дней";"2013-09-03"
"Артём";"Семья и дети";"Продажа нижнего мужского белья Calvin Klein.";"2013-09-03"
"Банк Русский Стандарт Украина - заявка на кредитную карту";"Интернет магазины";"Оформление заявки на оформление кредитной карты.<br /><p>Выплата - <b>17 грн. (68 руб.)</b><br /><p><b>Запрещен мотивированный трафик.</b><br /><p><b>Холд</b> - 30 дней";"2013-09-03"
"Бесплатная юридическая консультация";"Игры";"";"2013-09-03"
"Бесплатная юридическая консультация";"Интернет магазины";"Московский центр правовой помощи. Принимаются заявки на все виды юридической консультации (юрист, адвокат, семейные споры, наследственные дела, автоадвокат). Регион - только Москва и область. Ограничений по количеству заявок нет.";"2013-09-03"
"Бизнес-курс \"Сверхприбыльный бизнес на товарах из Китая\"";"Интернет магазины";"Вознаграждение за доставленный и оплаченный заказ. Холд -10 дней";"2013-09-03"
"Большие плюшевые мишки - заказ в интернет-магазине";"Интернет магазины";"Большие плюшевые мишки на подарок девушке и детям. В данный момент продаем мишек от 160 до 200 см. Доставляем бесплатно по всей Украине. Возможна международная доставка за счет получателя. Классное предложение для рынка подарков. <br /><p>Холд заказов - 10 дней.<br /><p>Вознаграждение за подтвержденный и оплаченный заказ.<br /><p>Гео - Украина.<br /><p>Запрещенные источники трафика - порно, спам-рассылки, мотивированный.";"2013-09-03"
"Глобэкс - заявка на автокредит";"Юрид. и бух. услуги ";"<b>Глобэкс - заявка на автокредит.</b><br /><p><br /><p>Лид: Заявка на покупку авто в кредит.<br /><p><b>Качественный лид</b>: Качественными лидами являются заявки от реальных людей из указанного геотаргетинга, и, в которых во всех полях формы оставлены корректные, читабельные и реальные пользовательские данные, по которым представилась возможность связаться в течение 5(пяти) рабочих дней. Возраст покупателя от 20-65 лет.<br /><p><br /><p><b>ГЕО1:</b> Москва, Московская область;<br /><p><b>ГЕО2</b>: Белгородская область, Брянская область, Владимирская область, Воронежская область, Ивановская область, Калужская область, Костромская область, Курская область, Липецкая область, Орловская область, Рязанская область, Смоленская область, Тамбовская область, Тверская область, Тульская область, Ярославская область, Нижегородская область.<br /><p><br /><p><b>Некачественный лид:</b> <br /><p>- Нет возможности связаться с заполнившим анкету человеком по указанному телефону: телефонный номер не существует, заблокирован, заполнен с ошибками или не принадлежит заполнившему анкету;<br /><p>- В течение 5 (пяти) рабочих дней, не удалось связаться;<br /><p>- Указанный регион регистрации не соответствует выбранному Заказчиком таргетингу;<br /><p>- Дублируются данные о потенциальном клиенте (ФИО, телефон или e-mail) из уже полученной раннее заявки;<br /><p>- Заполнивший анкету не подтверждает факт заполнения заявки или не нуждается в услуге;<br /><p>- Возраст покупателя не подходит под условие.<br /><p><br /><p>Реклама, размещаемая в рамках генерации должна соответствовать закону о Рекламе. <br /><p><br /><p><b>Разрешенные методы генерации трафика:</b><br /><p>- размещение баннеров<br /><p>- реклама в социальных сетях<br /><p>- поисковый трафик<br /><p>- контекстная реклама - кроме Яндекса/";"2013-09-03"
"Гороскопы - подписка на рассылку (Россия и Украина)";"Интернет услуги";"Оплачивается подтвержденная подписка на рассылку. Регион - Россия и Украина. В случае большого количества отписок необходимо будет предоставить скриншоты источников трафика";"2013-09-03"
"Дамир Халилов - подписка на бесплатный видео-курс \"Привлечение клиентов из социальных сетей\"";"Финансы";"Вознаграждение за подтвержденную подписку (с пользователем связались по указанному телефону и он подтвердил свою подписку).<br /><p>Холд конверсий - 4 дня<br /><p>Гео - Украина<br /><p>Запрещенный трафик - спам-рассылки, порно, мотивированный.";"2013-09-03"
"Заказ бизнес тренинга от Владимира Жернового";"Финансы";"Вознаграждение за оплаченный тренинг";"2013-09-03"
"Заказ диска \"Эффективная методика похудения\"";"Финансы";"Эффективная методика похудения - минус 10 кг за 2 месяца. Основа программы u2013 u00abFito Lineu00bb (аналог 25 кадра)<br /><p>Выплата - 100 грн. (405 рублей).";"2013-09-03"
"Заказ и доставка еды из McDonald's, Якитории и др.ресторанов";"Финансы";"Вознаграждение за регистрацию на сайте www.ekipazh-service.com.ua.<br />Вознаграждение за подтвержденный и оплаченный заказ.<br />";"2013-09-03"
"Заявка на бесплатную процедуру в SPA-салон";"Финансы";"Вознаграждение за заявку на первую бесплатную процедуру в SPA салон, с корректными данными - Женщины из РФ, старше 28 лет, действительный номер телефона и адрес почты.<br /><p>Цель 1 - заявки от посетителей из регионов РФ<br /><p>Цель 2 - заявки от посетителей из Москвы и Московской обл.";"2013-09-03"
"Заявка на обучение в Чехии";"Финансы";"Принимаются заявки на курсы в Чехии.<br />Корректно оформленная заявка содержит: Имя, телефон, email и предполагаемый курс для обучения";"2013-09-03"
"Заявка на подбор тура";"Семья и дети";"Оплачивается заполненная заявка на подбор тура. Корректность заполнения проверяется менеджером, подтверждение заполнения заявки происходит по телефону.";"2013-09-03"
"Заявка на получение кредита";"Интернет магазины";"";"2013-09-03"
"Заявка на продвижение сайта Primeadv.net";"Юрид. и бух. услуги ";"Принимаются заявки на продвижение сайтов. Корректно оформленная заявка содержит: Имя, телефон, email заказчика, адрес сайта для продвижения.";"2013-09-03"
"Заявки в школы английского (универсальный лендинг)";"Интернет магазины";"Универсальный лендинг для работы с трафиком под школы английского языка. Как направлять трафик:<br /><p><b><u> У вас должны быть подключены офферы </u></b><br /><p><b> 1. Speak Up</b> - http://aff.primelead.com.ua/offers/view/82 (27грн за подтвержденную заявку)<br /><p><b> 2. Lingva.ua</b> - http://aff.primelead.com.ua/offers/view/198 (20грн за подтвержденную заявку)<br /><p> <b> 3. English Prime</b> - http://aff.primelead.com.ua/offers/view/224 (25грн за подтвержденную заявку)<br /><p><b> 4. Prime-class</b> - http://aff.primelead.com.ua/offers/view/168 (20грн за подтвержденную заявку)";"2013-09-03"
"Заявки на кредиты (универсальный лендинг)";"Юрид. и бух. услуги ";"Универсальный лендинг для работы с трафиком под кредитные офферы. Как направлять трафик:<br /><p><b><u> У вас должны быть подключены офферы </u></b><br /><p><b> 1. Приватбанк </b>http://aff.primelead.com.ua/offers/view/246 (4,5 грн за подтвержденную заявку с корректными данными)<br /><p><b> 2. Банк Русский Стандарт</b> http://aff.primelead.com.ua/offers/view/78 (17грн за подтвержденную заявку с корректными данными)<br /><p><b> 3. Ренессанс Кредит</b> http://aff.primelead.com.ua/offers/view/256 (45грн за подтвержденную заявку с корректными данными)";"2013-09-03"
"Звонок Другу";"Игры";"Качественной заявкой считается оплаченный заказ звонка.";"2013-09-03"
"Здоров'я Родини - запись на консультацию в медицинскую клинику";"Интернет магазины";"u00abЗдоровu2019я родиниu00bb - это медицинский центр, который предоставляет полный спектр диагностических и лечебных услуг:<br /><br>- гинекологии;<br /><br>- эндоскопической гинекологии;<br /><br>- урологии;<br /><br>- андрологии;<br /><br>- репродуктологии;<br /><br>- хирургии;<br /><br>- интимной пластической хирургии для женщин;<br /><br>- интимной пластической хирургии для мужчин;<br /><br>- проктологии;<br /><br>- анестезиологии;<br /><br>- ультразвуковой диагностики.<br /><p>Вознаграждение за подтвержденную заявку на консультацию по вопросам гинекологии, проктологии, андрологии и урологии.<br /><p>Гео - Киев и Киевская область.<br /><p>Холд заявок - 5 дней.<br /><p>Запрещенные источники трафика - порно, спам-рассылки, мотивированный, попап и кликандер.";"2013-09-03"
"Зеленый Кофе - уникальный продукт для похудения и оздоровления организма";"Интернет магазины";"Вознаграждение за подтвержденный заказ.<br /><p>Действует система специальных выплат в зависимости от объемов конверсий.<br /><p>Гео - Украина.<br /><p>Запрещен мотивированный трафик. <p>Пост-клик - 15 дней. <br /><p>Холд конверсий - 5 дней.<br />Вознаграждение при больших объемах:<br /><p>от 50 заказов в месяц - 125 грн.<br /><p>от 75 заказов в месяц - 135 грн.<br /><p>от 100 заказов в месяц - 145 грн.<br /><p>от 200 заказов в месяц - 165 грн.";"2013-09-03"
"Игра \"Бойцовский Клуб\" oldbk.ru";"Обучение";"Вознаграждение за:<br /><p>- подтвержденная регистрация игрока<br /><p>- достижение 2-го уровня<br /><p>- пополнение счета игрока.<br /><p>Проверка источников трафика по требованию.<br /><p>Гео - Украина.<p/>";"2013-09-03"
"Игрушки грелки ТМ \"З\u0456гр\u0456вайко\"";"Интернет услуги";"Уникальные игрушки грелки ТМ "Зu0456грu0456вайко" <br /><br />Невероятно нежные и трогательные спящие медвежата - безусловно самые продаваемые игрушки-грелки ТМ Зu0456грu0456вайко.  Цветовая гамма, в которой выполнены эти игрушки, очень спокойная, приглушенно-нежная, но в то же время достаточно выразительная: небесно-голубой, нежно-розовый, сиреневый и рыжий.  С таким выбором каждый сможет подобрать себе мишутку по своему вкусу!<br /> <br />Игрушки-грелки ТМ Зu0456грu0456вайко наполнены отборными зёрнами золотистого проса и сушеными бутонами крымской лаванды. Тонкий аромат успокаивает и расслабляет, окутывает теплом и комфортом, помогает заснуть легко и безмятежно!<br /> <br />При необходимости грелку можно использовать и по назначению - т.е. в медицинских целях. Нежное и приятное тепло поможет выгреть простуженное горлышко, носик или прогреть спинку/шейку/животик... Глядя любимый мультик, простывший кроха нежно обнимет своего плюшевого друга и сам не заметит, как выздоровеет! Ведь помимо прогревания горлышка и бронхов он пройдет еще и сеанс ароматерапии :)<br /> <br />Нагрейте мишку в микроволновой печи в течение всего 2 минут, и он почти 2 часа будет дарить тепло Вашему малышу. <br /><br />Такая игрушка абсолютно безопасна и безвредна для детей любого возраста (для малышей - под присмотром родителей). Теплая и приятно тяжёлая (около 800 г) она очень напоминает настоящего животного!";"2013-09-03"
"Интернет-магазин dresshall.com.ua";"Интернет услуги";"Вознаграждение за подтвержденный заказ в интернет-магазине www.dresshall.com.ua. Холд - 14 дней.";"2013-09-03"
"Интернет-магазин FoxMart";"Интернет услуги";"Вознаграждение за оплаченный товар, заказанный в интернет-магазине foxmart.ua.<br />";"2013-09-03"
"Интернет-магазин обуви - Bashmaki.com.ua";"Финансы";"";"2013-09-03"
"КГ \"Золотая Акция\" - заявка на бухгалтерские услуги";"Интернет услуги";"Вознаграждение за подтвержденную заявку от реального посетителя (до человека можно дозвониться по указанному номеру телефона и он подтверждает отправку заявки) - 45 грн. (180 рублей). <br /><p>Для Вебмастеров с большими объемами трафика возможно подключение iStat номера телефона с оплатой результативных звонков.<br /><p>Холд заявок - 5 дней. <br /><p>Гео - Украина.";"2013-09-03"
"Клуб здорового образа жизни";"Обучение";"Группа поддержки для желающих снизить или набрать вес, улучшить свое питание и самочувствие. Подбор индивидуальных программ питания. работа с персональным консультантом по питанию.";"2013-09-03"
"Кнопка Жизни - запрос обратного звонка";"Юрид. и бух. услуги ";"<b>Услуга "Життя 24"</b> u2013 это круглосуточный мониторинг тревожных вызовов от клиента. <br /><br>Принцип работы услуги заключается в экстренном реагировании на поступивший тревожный сигнал. А именно, когда человек нуждается в помощи, он посылает сигнал в круглосуточный центр мониторинга компании, способом нажатия на оборудовании кнопки СОС, оператор контакт-центра компании выясняет причину вызова и сообщает о нем родственникам, и в случае необходимости вызовет экстренные службы помощи (подробное описание смотрите в прикрепленном docx).<br /><p><br /><br><b>ЦА:</b> Услуга предназначена для одиноких людей, детей школьного возраста, инвалидов, людей пожилого возраста, а также для любого человека, желающего обезопасить свою жизнь или жизнь своих близких.<br /><p><br /><br><b>Вознаграждение за подтвержденный запрос обратного звонка.</b><br /><p><br /><br><b>ГЕО:</b> Киев.<br /><p><br /><br><b>Запрещенные источники трафика:</b> спам-рассылки, порно, мотивированный.<br />";"2013-09-03"
"Кондиционер!  Лучшая цена!";"Юрид. и бух. услуги ";"Кондиционеры AUKIA (производства завода AUX) не только отлично справляются с охлаждением помещения, но обогревают его вдвое эффективнее обычного конвектора.";"2013-09-03"
"Кредитный брокер - Выдача кредитов под залог";"Юрид. и бух. услуги ";"Принимаются заявки выдачу кредитов под залог. Регион - Киев. Корректно заполненная заявка должна содержать данные потенциального клиента (имя и телефон).<br><br />Холд - 30 дней";"2013-09-03"
"Кредитный брокер - кредит наличными до 250 000 грн.";"Юрид. и бух. услуги ";"Вознаграждение за подтвержденную заявку с корректными данными пользователя.<br />Запрещен спам и мотивированный трафик.<br />Холд заявок - 14 дней.<br />";"2013-09-03"
"Кредитный брокер - кредит наличными на б\/у автомобили";"Юрид. и бух. услуги ";"Вознаграждение за подтвержденную заявку с корректными контактными данными пользователя.<br /><p>Гео - Киев.";"2013-09-03"
"Кредит он-лайн. Кредитный брокер";"Финансы";"Вознаграждение за заявку на кредит с корректными данными.";"2013-09-03"
"Кредит под залог автомобиля";"Финансы";"Принимаются заявки из Киева на выдачу кредита под залог авто.<br />Корректно заполненная заявка должна содержать данные о автомобиле, номер телефона и имя потенциального заемщика, данные о сумме и сроке кредита.<br />Если Вы хотите работать с оплатой не только заявок, но и звонков - обращайтесь в службу поддержки. Мы предоставим уникальный номер телефона для учета звонков (подключение может занять несколько дней)";"2013-09-03"
"Кредит под залог недвижимости";"Страхование";"";"2013-09-03"
"Кредиты под залог авто Россия.";"Интернет услуги";"Лид: Оформленная и подтвержденная по e-mail заявка на кредит под залог автомобиля<br /><br />Качественный лид:<br />Заявка от реального человека с реальными контактными данными.<br /><br />Оплачиваются только качественные заявки!<br /><br />Некачественный лид:<br />- Поле u00abТелефонu00bb (или u00abДополнительный телефонu00bb) заполнены таким образом, что связаться с потребителем по данному каналу связи физически не представляется возможным.<br />- Содержание поля u00abФИОu00bb не содержит информации о Фамилии или Имени.<br />- Поле u00abE-mailu00bb написано не латиницей и/или не содержит символа u00ab@u00bb перед доменным именем и u00ab.u00bb перед именем доменной зоны.<br /><br />ГЕО:<br />Москва, Казань, Волгоград, Ярославль + области<br /><br />ЦА:<br />мужчины/женщины, 18+ ";"2013-09-03"
"Криолорика - заявки на лечение тонзиллита и аденоидов у детей";"Страхование";"<b>Центр КриоЛОРика</b> занимается профилактикой и лечением ЛОР заболеваний сверхнизкими температурами используя приобретенный многолетний опыт работы в крио медицине. <br /><br>Врачи центра высококвалифицированные специалисты в лечении ЛОР патологии традиционными и хирургическими методами. <br /><br>Центр сотрудничает с многими украинскими и зарубежными клиниками. <br /><br>Наша задача избавить Вас от недуга современными и щадящими методами.</br><br /><p><br /><p>Вознаграждение за подтвержденную заявку (с пользователем связались по указанным контактам и он подтвердил заявку).<br /><p>Холд - 5 дней.<br /><p>Гео - Киев и Киевская область.<br /><p>Запрещенные источники трафика - порно, спам-рассылки, мотивированный, pop-up, clickander.";"2013-09-03"
"Кулер \"Кловер\"";"Интернет услуги";"Вознаграждение за заявку на консультацию о кулере "Кловер".";"2013-09-03"
"ЛОЕР -заявки на регистрацию и ликвидацию предприятий";"Интернет услуги";"Оплачиваются корректно заполненные заявки на регистрацию и ликвидацию компаний от юридической компании ЛОЕР. При проверке заявки с человеком можно связаться и он действительно оставлял заявку на сайте.<br> Очень простая форма (имя и телефон). Хорошие условия для клиентов.<br><br />Холд - 30 дней";"2013-09-03"